Date,Adj. Close
2007-01-03,15.903016947122
2007-01-04,15.931787669776
2007-01-05,15.75916333385
2007-01-08,15.831090140486
2007-01-09,15.85986086314
2007-01-10,15.85986086314
2007-01-11,15.816704779159
2007-01-12,16.075641283047
2007-01-16,15.572153636598
2007-01-17,15.719603590201
2007-01-18,16.001731772446
2007-01-19,16.31279617851
2007-01-22,15.965561492671
2007-01-23,15.386837016271
2007-01-24,15.545986247281
2007-01-25,15.524284079416
2007-01-26,15.567688415146
2007-01-29,15.611092750876
2007-01-30,16.095774499861
2007-01-31,16.233221563005
2007-02-01,16.435775129745
2007-02-02,16.392370794015
2007-02-05,16.421307017835
2007-02-06,16.783009815585
2007-02-07,16.696201144125
2007-02-08,16.79024387154
2007-02-09,16.421307017835
2007-02-12,16.55875408098
2007-02-13,16.696201144125
2007-02-14,16.79024387154
2007-02-15,16.710669256035
2007-02-16,16.80471198345
2007-02-20,16.86258443109
2007-02-21,16.86258443109
2007-02-22,16.710669256035
2007-02-23,16.76130764772
2007-02-26,16.5876903048
2007-02-27,16.35620051424
2007-02-28,16.435775129745
2007-03-01,16.41407296188
2007-03-02,16.25492373087
2007-03-05,16.218753451095
2007-03-06,16.24045561896
2007-03-07,16.2983280666
2007-03-08,15.574922471101
2007-03-09,15.748539814021
2007-03-12,15.603858694921
2007-03-13,15.871518765256
2007-03-14,15.958327436716
2007-03-15,15.914923100986
2007-03-16,15.980029604581
2007-03-19,16.38513673806
2007-03-20,16.681733032215
2007-03-21,16.77577575963
2007-03-22,16.956627158505
2007-03-23,17.484713243219
2007-03-26,17.340032124119
2007-03-27,17.130244501425
2007-03-28,16.927690934685
2007-03-29,16.96386121446
2007-03-30,17.03620177401
2007-04-02,17.144712613335
2007-04-03,17.282159676479
2007-04-04,17.22428722884
2007-04-05,17.05066988592
2007-04-09,17.376202403894
2007-04-10,17.260457508614
2007-04-11,16.913222822775
2007-04-12,17.09407422165
2007-04-13,17.22428722884
2007-04-16,17.282159676479
2007-04-17,17.144712613335
2007-04-18,17.387053487827
2007-04-19,17.176169108426
2007-04-20,17.605209742379
2007-04-23,17.387053487827
2007-04-24,17.4815878648
2007-04-25,17.365237862372
2007-04-26,17.183440983578
2007-04-27,17.248887859944
2007-04-30,17.299790986006
2007-05-01,17.568850366621
2007-05-02,17.350694112068
2007-05-03,17.539762866014
2007-05-04,17.496131615103
2007-05-07,17.35796598722
2007-05-08,17.096178481757
2007-05-09,17.19071285873
2007-05-10,16.921653478115
2007-05-11,15.729065953229
2007-05-14,15.641803451408
2007-05-15,15.605444075649
2007-05-16,15.69270657747
2007-05-17,15.85995970596
2007-05-18,16.041756584754
2007-05-21,16.005397208995
2007-05-22,15.998125333843
2007-05-23,16.172650337485
2007-05-24,15.365472195641
2007-05-25,15.314569069579
2007-05-29,15.285481568972
2007-05-30,15.329112819882
2007-05-31,15.954494082933
2007-06-01,16.092659710816
2007-06-04,16.034484709602
2007-06-05,15.98358158354
2007-06-06,15.947222207781
2007-06-07,15.663619076863
2007-06-08,15.663619076863
2007-06-11,15.721794078077
2007-06-12,15.590900325345
2007-06-13,15.365472195641
2007-06-14,15.329112819882
2007-06-15,15.372744070793
2007-06-18,15.539997199283
2007-06-19,15.300025319276
2007-06-20,15.220034692606
2007-06-21,15.612715950801
2007-06-22,15.758153453836
2007-06-25,15.98358158354
2007-06-26,15.772697204139
2007-06-27,15.939950332629
2007-06-28,16.034484709602
2007-06-29,15.852687830808
2007-07-02,15.881775331415
2007-07-03,16.049028459905
2007-07-05,16.02721283445
2007-07-06,16.179922212637
2007-07-09,15.699978452622
2007-07-10,15.285481568972
2007-07-11,15.358200320489
2007-07-12,15.641803451408
2007-07-13,15.641803451408
2007-07-16,15.576356575042
2007-07-17,15.409103446552
2007-07-18,15.2963893817
2007-07-19,16.613151738804
2007-07-20,16.547313620949
2007-07-23,16.093762142391
2007-07-24,15.479273042409
2007-07-25,15.267127995986
2007-07-26,14.36002503887
2007-07-27,13.935734946025
2007-07-30,13.752851285316
2007-07-31,13.577282971035
2007-08-01,13.335876538899
2007-08-02,13.160308224619
2007-08-03,12.479981006781
2007-08-06,12.370250810356
2007-08-07,12.011798835366
2007-08-08,12.033744874651
2007-08-09,11.967906756796
2007-08-10,11.858176560371
2007-08-13,11.799653788944
2007-08-14,11.653346860377
2007-08-15,11.368048349671
2007-08-16,10.987650335396
2007-08-17,11.177849342533
2007-08-20,11.543616663951
2007-08-21,11.587508742521
2007-08-22,11.360733003242
2007-08-23,12.21662853536
2007-08-24,12.304412692501
2007-08-27,12.143475071077
2007-08-28,11.850861213942
2007-08-29,12.267835960359
2007-08-30,12.099582992507
2007-08-31,12.223943881789
2007-09-04,12.245889921074
2007-09-05,12.114213685363
2007-09-06,12.033744874651
2007-09-07,11.77039240323
2007-09-10,11.667977553233
2007-09-11,11.865491906799
2007-09-12,11.836230521086
2007-09-13,12.063006260365
2007-09-14,11.931330024654
2007-09-17,11.872807253227
2007-09-18,12.289781999644
2007-09-19,12.26052061393
2007-09-20,12.17273645679
2007-09-21,11.953276063939
2007-09-24,11.624085474663
2007-09-25,11.411940428241
2007-09-26,11.28026419253
2007-09-27,11.28026419253
2007-09-28,11.214426074675
2007-10-01,11.141272610391
2007-10-02,11.214426074675
2007-10-03,11.375363696099
2007-10-04,11.046173106823
2007-10-05,11.331471617529
2007-10-08,11.082749838965
2007-10-09,11.126641917535
2007-10-10,11.097380531821
2007-10-11,11.419255774669
2007-10-12,11.368048349671
2007-10-15,11.170533996105
2007-10-16,10.973019642539
2007-10-17,10.866947119328
2007-10-18,10.682511492727
2007-10-19,10.365282214973
2007-10-22,10.46856616587
2007-10-23,10.46856616587
2007-10-24,10.593982391959
2007-10-25,10.520208141318
2007-10-26,10.483321015998
2007-10-29,10.793172868688
2007-10-30,10.881701969456
2007-10-31,10.984985920353
2007-11-01,10.785795443624
2007-11-02,10.586604966895
2007-11-05,10.313640239525
2007-11-06,10.08494006254
2007-11-07,9.7455785095942
2007-11-08,10.239865988885
2007-11-09,10.232488563821
2007-11-12,10.475943590934
2007-11-13,11.095647296313
2007-11-14,10.549717841574
2007-11-15,10.409546765358
2007-11-16,10.424301615486
2007-11-19,9.509500907545
2007-11-20,9.2881781556238
2007-11-21,9.4578589320967
2007-11-23,9.4135943817125
2007-11-26,9.4357266569046
2007-11-27,9.0889876788948
2007-11-28,9.3914621065204
2007-11-29,9.2586684553677
2007-11-30,9.6275397085696
2007-12-03,9.7234462344021
2007-12-04,9.8857495858109
2007-12-05,10.062807787348
2007-12-06,10.225111138757
2007-12-07,10.357904789909
2007-12-10,10.785795443624
2007-12-11,10.343149939781
2007-12-12,10.306262814461
2007-12-13,10.12182718786
2007-12-14,9.9890335367075
2007-12-17,9.8119753351705
2007-12-18,10.269375689141
2007-12-19,9.7677107847863
2007-12-20,9.7382010845302
2007-12-21,9.9152592860671
2007-12-24,10.099694912668
2007-12-26,10.0111658119
2007-12-27,9.907881861003
2007-12-28,9.7677107847863
2007-12-31,10.077562637476
2008-01-02,9.9964109617715
2008-01-03,9.3398201310721
2008-01-04,8.926684327486
2008-01-07,9.133252229279
2008-01-08,8.734871275821
2008-01-09,8.5651904993481
2008-01-10,8.734871275821
2008-01-11,8.2700934967866
2008-01-14,8.3217354722349
2008-01-15,7.2593862630134
2008-01-16,7.9491755065009
2008-01-17,8.0984557977028
2008-01-18,8.2178800306644
2008-01-22,8.7105049916306
2008-01-23,9.1658098797964
2008-01-24,9.2628420690776
2008-01-25,9.2703060836377
2008-01-28,9.5688666660415
2008-01-29,9.7853230882843
2008-01-30,9.8524992193251
2008-01-31,10.21823593277
2008-02-01,10.404836296772
2008-02-04,10.076419656128
2008-02-05,9.919675350366
2008-02-06,9.6435068116425
2008-02-07,9.9346033794862
2008-02-08,9.9047473212458
2008-02-11,10.031635568767
2008-02-12,10.016707539647
2008-02-13,9.9122113358059
2008-02-14,9.4419784185199
2008-02-15,9.3971943311593
2008-02-19,9.292698127318
2008-02-20,9.3748022874791
2008-02-21,9.4121223602795
2008-02-22,9.5091545495608
2008-02-25,9.7703950591641
2008-02-26,9.8823552775655
2008-02-27,9.919675350366
2008-02-28,9.5837946951617
2008-02-29,9.1807379089166
2008-03-03,9.135953821556
2008-03-04,9.2404500253973
2008-03-05,9.1284898069959
2008-03-06,8.66572090427
2008-03-07,8.3895523655465
2008-03-10,8.3223762345057
2008-03-11,8.3895523655465
2008-03-12,8.3746243364264
2008-03-13,8.2328080597845
2008-03-14,8.3298402490658
2008-03-17,7.9193194482606
2008-03-18,8.2626641180249
2008-03-19,8.2104160161043
2008-03-20,8.6060087877893
2008-03-24,9.0911697341955
2008-03-25,8.9717455012339
2008-03-26,8.7030409770705
2008-03-27,8.6358648460297
2008-03-28,8.3746243364264
2008-03-31,8.7851451372316
2008-04-01,9.1434178361161
2008-04-02,9.1210257924358
2008-04-03,9.0613136759551
2008-04-04,9.0165295885945
2008-04-07,9.0314576177147
2008-04-08,8.6955769625104
2008-04-09,8.3223762345057
2008-04-10,8.5239046276282
2008-04-11,8.4044803946667
2008-04-14,8.3373042636259
2008-04-15,8.344768278186
2008-04-16,8.7105049916306
2008-04-17,8.6953825871313
2008-04-18,8.7785558118777
2008-04-21,8.9751470703694
2008-04-22,8.7709946096281
2008-04-23,8.9222186546216
2008-04-24,9.0658814973655
2008-04-25,9.1339323176127
2008-04-28,9.2549115536075
2008-04-29,9.5649208458444
2008-04-30,9.5649208458444
2008-05-01,9.7993181155844
2008-05-02,9.9883481718264
2008-05-05,9.7841957110851
2008-05-06,9.8295629245832
2008-05-07,9.6707776773399
2008-05-08,9.4590640143489
2008-05-09,9.5724820480941
2008-05-12,9.950542160578
2008-05-13,9.8295629245832
2008-05-14,9.7237060930876
2008-05-15,9.9581033628277
2008-05-16,9.8295629245832
2008-05-19,9.5951656548431
2008-05-20,9.5195536323463
2008-05-21,9.2700339581069
2008-05-22,9.1339323176127
2008-05-23,10.237867846066
2008-05-27,10.479826318056
2008-05-28,10.963743262035
2008-05-29,11.205701734025
2008-05-30,11.046916486782
2008-06-02,10.865447632789
2008-06-03,10.910814846287
2008-06-04,11.130089711528
2008-06-05,11.114967307029
2008-06-06,10.562999542802
2008-06-09,10.252990250565
2008-06-10,10.283235059564
2008-06-11,9.950542160578
2008-06-12,10.162255823569
2008-06-13,10.464703913556
2008-06-16,10.547877138303
2008-06-17,10.555438340552
2008-06-18,10.124449812321
2008-06-19,10.298357464063
2008-06-20,10.041276587574
2008-06-23,9.716144890838
2008-06-24,9.5422372390953
2008-06-25,9.8673689358316
2008-06-26,9.4666252165986
2008-06-27,9.6178492615921
2008-06-30,9.4136968008508
2008-07-01,9.4363804075998
2008-07-02,9.6556552728405
2008-07-03,9.5800432503437
2008-07-07,9.7766345088354
2008-07-08,10.056398992074
2008-07-09,9.9959093740761
2008-07-10,9.2927175648559
2008-07-11,9.0885651041146
2008-07-14,8.8617290366242
2008-07-15,9.0734426996152
2008-07-16,9.6934612840889
2008-07-17,10.144853719575
2008-07-18,10.213710192785
2008-07-21,10.389676735432
2008-07-22,10.886973486392
2008-07-23,11.085892186776
2008-07-24,10.779863416954
2008-07-25,10.932877801865
2008-07-28,10.56564327808
2008-07-29,10.994083555829
2008-07-30,11.552586060753
2008-07-31,11.521983183771
2008-08-01,11.552586060753
2008-08-04,11.667346849436
2008-08-05,11.850964111329
2008-08-06,11.598490376226
2008-08-07,11.07824146753
2008-08-08,11.850964111329
2008-08-11,11.805059795856
2008-08-12,11.384270237351
2008-08-13,10.85637060941
2008-08-14,11.055289309794
2008-08-15,11.391920956597
2008-08-18,11.43782527207
2008-08-19,11.315413764142
2008-08-20,11.460777429807
2008-08-21,11.690299007173
2008-08-22,12.271753669833
2008-08-25,12.065184250204
2008-08-26,12.179945038887
2008-08-27,12.409466616253
2008-08-28,12.501275247199
2008-08-29,12.463021650971
2008-09-02,12.470672370217
2008-09-03,13.220442856279
2008-09-04,13.251045733261
2008-09-05,12.814954736266
2008-09-08,13.411710837417
2008-09-09,13.427012275909
2008-09-10,13.503519468364
2008-09-11,13.687136730257
2008-09-12,13.319902206471
2008-09-15,13.036825594386
2008-09-16,13.151586383069
2008-09-17,12.241150792851
2008-09-18,12.952667682686
2008-09-19,12.730796824565
2008-09-22,12.669591070601
2008-09-23,12.623686755128
2008-09-24,13.220442856279
2008-09-25,13.457615152891
2008-09-26,12.998571998159
2008-09-29,12.241150792851
2008-09-30,12.36356230078
2008-10-01,12.355911581534
2008-10-02,11.682648287927
2008-10-03,11.039987871303
2008-10-06,11.170050098477
2008-10-07,10.504437524115
2008-10-08,10.764561978463
2008-10-09,10.144853719575
2008-10-10,9.9076814229638
2008-10-13,10.886973486392
2008-10-14,10.397327454678
2008-10-15,9.3950832335132
2008-10-16,9.7746043204399
2008-10-17,9.8830389167047
2008-10-20,10.247069347022
2008-10-21,9.9450015431417
2008-10-22,9.4183192184271
2008-10-23,9.108506086242
2008-10-24,9.0078168182818
2008-10-27,9.170468712679
2008-10-28,10.239324018718
2008-10-29,10.549137150903
2008-10-30,10.696298388691
2008-10-31,11.323669981365
2008-11-03,10.944148894439
2008-11-04,11.393377936107
2008-11-05,10.59560912073
2008-11-06,10.347758614982
2008-11-07,10.014709497883
2008-11-10,9.7668589921353
2008-11-11,9.4028285618178
2008-11-12,8.9071275503217
2008-11-13,9.2091953542021
2008-11-14,8.6902583577921
2008-11-17,7.8227815876738
2008-11-18,7.6214030517535
2008-11-19,6.258225270139
2008-11-20,5.9096854964308
2008-11-21,4.2521852392405
2008-11-24,4.3761104921146
2008-11-25,4.8640661753061
2008-11-26,5.3132952169745
2008-11-28,5.2126059490143
2008-12-01,4.7014142809089
2008-12-02,4.9027928168292
2008-12-03,5.3520218584976
2008-12-04,5.2590779188421
2008-12-05,5.9793934511724
2008-12-08,5.9948841077817
2008-12-09,5.5611457227226
2008-12-10,5.2900592320606
2008-12-11,5.2435872622328
2008-12-12,5.5998723642457
2008-12-15,5.4372204698485
2008-12-16,5.801250900166
2008-12-17,6.2117533003113
2008-12-18,6.1730266587881
2008-12-19,6.0413560776095
2008-12-22,5.7470336020336
2008-12-23,5.7625242586429
2008-12-24,5.7857602435568
2008-12-26,5.9716481228678
2008-12-29,5.7237976171197
2008-12-30,5.863213526603
2008-12-31,5.6850709755966
2009-01-02,6.3279332248807
2009-01-05,6.3589145380992
2009-01-06,6.4208771645362
2009-01-07,6.5680384023241
2009-01-08,6.3976411796223
2009-01-09,6.1575360021789
2009-01-12,6.0181200926956
2009-01-13,6.1807719870928
2009-01-14,5.9406668096493
2009-01-15,5.9327669867641
2009-01-16,6.1144629131231
2009-01-20,5.7589708832904
2009-01-21,5.9801659240752
2009-01-22,5.9169673409938
2009-01-23,5.9406668096493
2009-01-26,6.0749637986972
2009-01-27,6.1460622046638
2009-01-28,6.3830568912189
2009-01-29,6.019665038501
2009-01-30,5.8142696434866
2009-02-02,5.7510710604052
2009-02-03,6.0354646842714
2009-02-04,5.8853680494531
2009-02-05,6.2408600792858
2009-02-06,6.5410533489224
2009-02-09,6.4383556514151
2009-02-10,6.0986632673527
2009-02-11,6.1223627360083
2009-02-12,6.0749637986972
2009-02-13,5.9564664554197
2009-02-17,5.97226610119
2009-02-18,5.9011676952235
2009-02-19,5.8063698206014
2009-02-20,5.7826703519459
2009-02-23,5.8537687579124
2009-02-24,6.4383556514151
2009-02-25,6.3988565369893
2009-02-26,6.2645595479414
2009-02-27,6.5647528175779
2009-03-02,6.4699549429558
2009-03-03,6.1855613190896
2009-03-04,6.5489531718076
2009-03-05,6.4699549429558
2009-03-06,6.6279514006593
2009-03-09,6.9992430762624
2009-03-10,7.5680303239947
2009-03-11,7.536431032454
2009-03-12,7.718126958813
2009-03-13,7.6470285528465
2009-03-16,7.4179336891765
2009-03-17,7.5917297926502
2009-03-18,7.6944274901575
2009-03-19,7.4258335120616
2009-03-20,7.6944274901575
2009-03-23,8.4607103100192
2009-03-24,7.9235223538275
2009-03-25,7.8445241249758
2009-03-26,8.4449106642488
2009-03-27,8.2790143836602
2009-03-30,8.3580126125119
2009-03-31,8.2790143836602
2009-04-01,8.4370108413636
2009-04-02,8.7925028711964
2009-04-03,9.0847963179478
2009-04-06,8.776703225426
2009-04-07,8.452810487134
2009-04-08,8.6424062363781
2009-04-09,8.958399151785
2009-04-13,8.6661057050336
2009-04-14,8.2948140294306
2009-04-15,8.3422129667416
2009-04-16,8.5986498686971
2009-04-17,8.6226908282555
2009-04-20,8.1739262498333
2009-04-21,8.9993325280027
2009-04-22,9.3198786554471
2009-04-23,9.2076875108416
2009-04-24,9.5362472914721
2009-04-27,9.1355646321666
2009-04-28,9.2958376958888
2009-04-29,9.1195373257944
2009-04-30,9.528233638286
2009-05-01,9.7686432338693
2009-05-04,10.073162054942
2009-05-05,9.816725152986
2009-05-06,9.4320698000527
2009-05-07,9.2798103895166
2009-05-08,9.3038513490749
2009-05-11,8.9432369556999
2009-05-12,8.6707727473721
2009-05-13,8.0296804924833
2009-05-14,8.6226908282555
2009-05-15,8.4544041113471
2009-05-18,8.879127730211
2009-05-19,8.7188546664888
2009-05-20,8.5746089091388
2009-05-21,8.374267579486
2009-05-22,8.2941310476249
2009-05-26,9.023373487561
2009-05-27,8.8550867706527
2009-05-28,8.6547454409999
2009-05-29,8.9031686897694
2009-06-01,9.167619244911
2009-06-02,9.311865002261
2009-06-03,9.1756328980971
2009-06-04,9.2237148172138
2009-06-05,9.0073461811888
2009-06-08,9.0073461811888
2009-06-09,8.951250608886
2009-06-10,8.807004851536
2009-06-11,8.3422129667416
2009-06-12,8.5986498686971
2009-06-15,8.5826225623249
2009-06-16,8.2380354753221
2009-06-17,8.446390458161
2009-06-18,8.5746089091388
2009-06-19,8.6707727473721
2009-06-22,8.518513336836
2009-06-23,8.1899535562055
2009-06-24,8.3662539262999
2009-06-25,8.374267579486
2009-06-26,8.6707727473721
2009-06-29,8.5425542963944
2009-06-30,8.3902948858583
2009-07-01,8.302144700811
2009-07-02,7.9896122265527
2009-07-06,8.1018033711583
2009-07-07,7.7572162841555
2009-07-08,7.9014620415055
2009-07-09,7.8052982032721
2009-07-10,7.7652299373416
2009-07-13,8.3181720071833
2009-07-14,8.518513336836
2009-07-15,8.6307044814416
2009-07-16,8.6144508006856
2009-07-17,8.5494360776615
2009-07-20,8.8176218101357
2009-07-21,8.5819434391736
2009-07-22,8.7119728852216
2009-07-23,9.1345685848779
2009-07-24,9.20771014828
2009-07-27,9.1101880637439
2009-07-28,9.0045391388298
2009-07-29,9.0045391388298
2009-07-30,9.0939343829879
2009-07-31,9.0045391388298
2009-08-03,9.0126659792078
2009-08-04,8.9395244158058
2009-08-05,8.9313975754278
2009-08-06,9.1589491060119
2009-08-07,9.5490374441562
2009-08-10,9.256471190548
2009-08-11,9.1508222656339
2009-08-12,9.32961275395
2009-08-13,9.4840227211321
2009-08-14,9.223963829036
2009-08-17,8.9882854580738
2009-08-18,9.0695538618539
2009-08-19,9.0776807022319
2009-08-20,9.1833296271459
2009-08-21,8.4031529508574
2009-08-24,8.0699524953592
2009-08-25,8.2081087817853
2009-08-26,8.3218845470774
2009-08-27,8.7444802467337
2009-08-28,9.0289196599638
2009-08-31,8.6632118429536
2009-09-01,8.5738165987955
2009-09-02,8.4844213546375
2009-09-03,8.6225776410636
2009-09-04,8.7038460448436
2009-09-08,8.7363534063557
2009-09-09,8.8745096927817
2009-09-10,8.8582560120257
2009-09-11,8.6713386833316
2009-09-14,8.9395244158058
2009-09-15,9.1589491060119
2009-09-16,9.3621201154621
2009-09-17,9.215836988658
2009-09-18,9.215836988658
2009-09-21,9.232090669414
2009-09-22,9.4921495615101
2009-09-23,9.5327837634002
2009-09-24,9.256471190548
2009-09-25,9.6384326883142
2009-09-28,9.6384326883142
2009-09-29,9.8172231766304
2009-09-30,9.7115742517163
2009-10-01,9.3702469558401
2009-10-02,9.223963829036
2009-10-05,9.313359073194
2009-10-06,9.6628132094483
2009-10-07,9.5734179652902
2009-10-08,9.8172231766304
2009-10-09,9.8009694958743
2009-10-12,9.5734179652902
2009-10-13,9.4921495615101
2009-10-14,9.7684621343623
2009-10-15,9.6943962883562
2009-10-16,9.8672165957038
2009-10-19,9.9330529032648
2009-10-20,9.8425279803684
2009-10-21,9.5215759810086
2009-10-22,9.7602325959172
2009-10-23,9.6450190576855
2009-10-26,9.4968873656732
2009-10-27,8.9948855205207
2009-10-28,8.5998676751547
2009-10-29,8.8056061362828
2009-10-30,8.6245562904901
2009-11-02,8.3776701371363
2009-11-03,8.5258018291486
2009-11-04,8.5669495213742
2009-11-05,8.5669495213742
2009-11-06,8.7726879825023
2009-11-09,8.9784264436304
2009-11-10,9.0278036743012
2009-11-11,9.0524922896365
2009-11-12,8.887901520734
2009-11-13,8.9208196745145
2009-11-16,9.1759353663134
2009-11-17,9.0031150589658
2009-11-18,9.1347876740878
2009-11-19,8.7150812133864
2009-11-20,8.5340313675937
2009-11-23,8.352981521801
2009-11-24,8.0402590608863
2009-11-25,8.3612110602461
2009-11-27,8.1801612144534
2009-11-30,7.8098319844228
2009-12-01,8.1060953684472
2009-12-02,8.155472599118
2009-12-03,8.0155704455509
2009-12-04,8.089636291557
2009-12-07,8.1225544453375
2009-12-08,7.957963676435
2009-12-09,7.8345205997582
2009-12-10,7.9826522917704
2009-12-11,7.9908818302155
2009-12-14,7.9991113686606
2009-12-15,8.0155704455509
2009-12-16,8.3365224449107
2009-12-17,8.2953747526851
2009-12-18,8.352981521801
2009-12-21,8.5916381367096
2009-12-22,8.7644584440572
2009-12-23,9.0360332127463
2009-12-24,9.0936399818621
2009-12-28,9.1100990587524
2009-12-29,9.2006239816488
2009-12-30,9.3322965967707
2009-12-31,9.1677058278683
2010-01-04,9.1841649047585
2010-01-05,9.4392805965574
2010-01-06,9.8013802881428
2010-01-07,9.7273144421367
2010-01-08,10.081184595277
2010-01-11,10.163479979728
2010-01-12,10.196398133509
2010-01-13,10.336300287076
2010-01-14,10.352958305266
2010-01-15,10.144733077888
2010-01-19,9.944836859604
2010-01-20,9.828230732272
2010-01-21,9.9115208232234
2010-01-22,9.7865856867963
2010-01-25,9.8448887504623
2010-01-26,9.769927668606
2010-01-27,9.7782566777011
2010-01-28,9.5700314503225
2010-01-29,9.4034512684196
2010-02-01,9.7366116322254
2010-02-02,9.944836859604
2010-02-03,9.9614948777943
2010-02-04,9.7032955958448
2010-02-05,9.6699795594642
2010-02-08,9.6949665867497
2010-02-09,9.7199536140351
2010-02-10,9.6699795594642
2010-02-11,9.8448887504623
2010-02-12,9.7782566777011
2010-02-16,10.044784968746
2010-02-17,10.427919387122
2010-02-18,10.602828578121
2010-02-19,10.677789659977
2010-02-22,10.86102786007
2010-02-23,10.869356869165
2010-02-24,10.727763714548
2010-02-25,10.636144614501
2010-02-26,10.802724796404
2010-03-01,11.202517232971
2010-03-02,11.002621014688
2010-03-03,10.836040832785
2010-03-04,11.394084442159
2010-03-05,11.860508951488
2010-03-08,11.618967687728
2010-03-09,11.277478314827
2010-03-10,11.235833269352
2010-03-11,11.618967687728
2010-03-12,12.118708233437
2010-03-15,12.035418142486
2010-03-16,12.243643369864
2010-03-17,12.218656342579
2010-03-18,12.152024269818
2010-03-19,12.152024269818
2010-03-22,12.485184633623
2010-03-23,12.57680373367
2010-03-24,12.385236524482
2010-03-25,12.251972378959
2010-03-26,12.54348769729
2010-03-29,12.610119770051
2010-03-30,12.526829679099
2010-03-31,12.526829679099
2010-04-01,12.83500301562
2010-04-05,12.909964097476
2010-04-06,12.959938152047
2010-04-07,12.743383915573
2010-04-08,12.710067879192
2010-04-09,12.743383915573
2010-04-12,12.701738870097
2010-04-13,12.85166103381
2010-04-14,13.176492388521
2010-04-15,13.42875452742
2010-04-16,13.268988506117
2010-04-19,13.067178794997
2010-04-20,13.226944816301
2010-04-21,13.395119575567
2010-04-22,13.874417639476
2010-04-23,13.857600163549
2010-04-26,14.084636088559
2010-04-27,13.386710837604
2010-04-28,13.395119575567
2010-04-29,13.723060356136
2010-04-30,12.907412773694
2010-05-03,13.142857436667
2010-05-04,12.495384613492
2010-05-05,12.503793351455
2010-05-06,11.915181694023
2010-05-07,11.721780720866
2010-05-10,12.444932185712
2010-05-11,12.529019565345
2010-05-12,12.806507918135
2010-05-13,12.074947715326
2010-05-14,11.898364218096
2010-05-17,12.100173929216
2010-05-18,11.75541567272
2010-05-19,11.486336057894
2010-05-20,11.3013438227
2010-05-21,11.75541567272
2010-05-24,11.637693341233
2010-05-25,11.8058681005
2010-05-26,11.881546742169
2010-05-27,12.629924420905
2010-05-28,12.537428303308
2010-06-01,12.150626356996
2010-06-02,12.369253544042
2010-06-03,12.377662282005
2010-06-04,11.671328293087
2010-06-07,11.133169063434
2010-06-08,11.284526346774
2010-06-09,11.200438967141
2010-06-10,11.789050624573
2010-06-11,12.032904025509
2010-06-14,12.259939950519
2010-06-15,12.562654517198
2010-06-16,12.335618592189
2010-06-17,12.150626356996
2010-06-18,12.074947715326
2010-06-21,11.688145769013
2010-06-22,11.494744795857
2010-06-23,11.671328293087
2010-06-24,11.334978774554
2010-06-25,11.200438967141
2010-06-28,11.149986539361
2010-06-29,10.805228282865
2010-06-30,10.611827309708
2010-07-01,10.830454496755
2010-07-02,10.611827309708
2010-07-06,10.452061288405
2010-07-07,10.889315662498
2010-07-08,10.906133138425
2010-07-09,11.175212753251
2010-07-12,11.166804015287
2010-07-13,11.40224867826
2010-07-14,11.435883630114
2010-07-15,11.469893692954
2010-07-16,10.917230171796
2010-07-19,11.15530061168
2010-07-20,11.563421365765
2010-07-21,11.240325768781
2010-07-22,11.605933944316
2010-07-23,12.005552182692
2010-07-26,12.184105012604
2010-07-27,12.048064761242
2010-07-28,12.022557214112
2010-07-29,11.495401240084
2010-07-30,11.554918850055
2010-08-02,11.997049666982
2010-08-03,11.495401240084
2010-08-04,11.503903755795
2010-08-05,11.384868535853
2010-08-06,11.265833315911
2010-08-09,11.554918850055
2010-08-10,10.832205014695
2010-08-11,10.653652184782
2010-08-12,10.645149669072
2010-08-13,10.636647153362
2010-08-16,10.696164763333
2010-08-17,10.993752813187
2010-08-18,11.1723056431
2010-08-19,11.044767907448
2010-08-20,10.534616964841
2010-08-23,10.279541493537
2010-08-24,10.032968537944
2010-08-25,10.228526399276
2010-08-26,10.279541493537
2010-08-27,10.390074197769
2010-08-30,10.100988663624
2010-08-31,9.9819534436828
2010-09-01,10.48360187058
2010-09-02,10.577129543391
2010-09-03,11.15530061168
2010-09-07,11.010757844608
2010-09-08,11.104285517419
2010-09-09,11.070275454578
2010-09-10,11.070275454578
2010-09-13,11.495401240084
2010-09-14,11.971542119851
2010-09-15,11.971542119851
2010-09-16,12.031059729822
2010-09-17,12.005552182692
2010-09-20,12.328647779676
2010-09-21,12.141592434054
2010-09-22,12.039562245532
2010-09-23,12.286135201126
2010-09-24,12.56671821956
2010-09-27,12.532708156719
2010-09-28,12.702758470922
2010-09-29,12.54971318814
2010-09-30,12.354155326807
2010-10-01,12.59222576669
2010-10-04,12.634738345241
2010-10-05,12.651743376661
2010-10-06,12.796286143733
2010-10-07,12.770778596603
2010-10-08,12.957833942225
2010-10-11,13.204406897819
2010-10-12,13.28943205492
2010-10-13,13.433974821992
2010-10-14,13.614239020882
2010-10-15,13.69149510612
2010-10-18,13.648575058765
2010-10-19,13.442558831463
2010-10-20,13.50264689776
2010-10-21,13.442558831463
2010-10-22,13.442558831463
2010-10-25,13.459726850405
2010-10-26,13.59707100194
2010-10-27,13.59707100194
2010-10-28,13.777335200829
2010-10-29,13.674327087178
2010-11-01,13.51123090723
2010-11-02,13.923263361835
2010-11-03,13.846007276596
2010-11-04,14.060607513369
2010-11-05,14.258039731201
2010-11-08,14.120695579666
2010-11-09,13.7859192103
2010-11-10,13.966183409189
2010-11-11,14.137863598608
2010-11-12,13.88034331448
2010-11-15,13.88034331448
2010-11-16,13.7859192103
2010-11-17,14.378215863794
2010-11-18,14.112111570195
2010-11-19,15.751657379141
2010-11-22,15.768825398083
2010-11-23,15.760241388612
2010-11-24,16.215193890571
2010-11-26,16.009177663269
2010-11-29,16.352538042105
2010-11-30,16.198025871629
2010-12-01,16.481298184169
2010-12-02,16.558554269408
2010-12-03,16.85899460089
2010-12-06,16.592890307291
2010-12-07,16.464130165227
2010-12-08,16.532802240995
2010-12-09,16.48988219364
2010-12-10,16.575722288349
2010-12-13,16.249529928454
2010-12-14,16.507050212582
2010-12-15,16.352538042105
2010-12-16,16.790322525122
2010-12-17,16.927666676657
2010-12-20,16.884746629303
2010-12-21,17.004922761896
2010-12-22,16.773154506181
2010-12-23,16.816074553535
2010-12-27,16.635810354646
2010-12-28,16.67014639253
2010-12-29,16.962002714541
2010-12-30,16.970586724012
2010-12-31,16.841826581948
2011-01-03,16.95341870507
2011-01-04,16.515634222053
2011-01-05,16.39545808946
2011-01-06,16.146521814803
2011-01-07,16.378290070518
2011-01-10,16.567138278879
2011-01-11,16.232361909513
2011-01-12,16.172273843216
2011-01-13,16.025174509169
2011-01-14,16.033827411171
2011-01-18,16.025174509169
2011-01-19,15.869422273118
2011-01-20,15.834810665107
2011-01-21,15.696364233063
2011-01-24,15.947298391144
2011-01-25,15.765587449085
2011-01-26,15.082008190864
2011-01-27,15.705017135065
2011-01-28,15.376206858959
2011-01-31,15.454082976984
2011-02-01,15.583876507026
2011-02-02,15.133925602881
2011-02-03,15.367553956957
2011-02-04,15.869422273118
2011-02-07,15.947298391144
2011-02-08,16.111703529197
2011-02-09,16.007868705163
2011-02-10,16.068439019183
2011-02-11,16.085744823188
2011-02-14,15.938645489141
2011-02-15,15.921339685135
2011-02-16,16.310720275261
2011-02-17,16.708753767389
2011-02-18,16.7433653754
2011-02-22,16.483778315317
2011-02-23,16.379943491283
2011-02-24,16.466472511311
2011-02-25,16.691447963384
2011-02-28,17.193316279545
2011-03-01,16.630877649364
2011-03-02,16.80393568942
2011-03-03,16.951035023467
2011-03-04,17.435597535624
2011-03-07,17.089481455512
2011-03-08,17.357721417598
2011-03-09,17.33176271159
2011-03-10,17.297151103579
2011-03-11,17.409638829615
2011-03-14,17.124093063523
2011-03-15,16.890464709448
2011-03-16,16.700100865386
2011-03-17,16.630877649364
2011-03-18,16.154968039211
2011-03-21,16.250149961241
2011-03-22,16.180926745219
2011-03-23,16.302067373258
2011-03-24,16.639530551367
2011-03-25,17.184663377543
2011-03-28,16.976993729476
2011-03-29,16.873158905442
2011-03-30,17.063522749504
2011-03-31,17.063522749504
2011-04-01,17.132745965526
2011-04-04,17.150051769532
2011-04-05,17.651920085693
2011-04-06,17.747102007724
2011-04-07,17.850936831758
2011-04-08,17.972077459797
2011-04-11,17.695184595707
2011-04-12,17.807672321744
2011-04-13,17.872569086765
2011-04-14,17.855123924162
2011-04-15,18.753549798216
2011-04-18,18.378478802251
2011-04-19,18.142969107111
2011-04-20,18.378478802251
2011-04-21,18.439536871362
2011-04-25,18.561653009583
2011-04-26,18.884388517738
2011-04-27,19.180956281989
2011-04-28,19.050117562466
2011-04-29,18.770994960819
2011-05-02,18.692491729105
2011-05-03,18.60526591609
2011-05-04,18.587820753487
2011-05-05,18.989059493356
2011-05-06,18.919278842944
2011-05-09,19.451356302335
2011-05-10,19.634530509667
2011-05-11,19.573472440556
2011-05-12,19.974711180425
2011-05-13,19.983433761726
2011-05-16,19.512414371446
2011-05-17,19.058840143768
2011-05-18,19.625807928365
2011-05-19,19.416465977129
2011-05-20,21.902401648056
2011-05-23,21.413937095172
2011-05-24,21.684337115518
2011-05-25,21.440104839076
2011-05-26,21.588388721202
2011-05-27,21.736672603327
2011-05-31,21.75411776593
2011-06-01,21.213317725237
2011-06-02,20.82080156667
2011-06-03,20.611459615434
2011-06-06,19.931098273918
2011-06-07,19.800259554395
2011-06-08,19.207124025893
2011-06-09,19.547304696652
2011-06-10,19.032672399863
2011-06-13,19.53858211535
2011-06-14,20.018324086932
2011-06-15,19.861317623506
2011-06-16,19.582195021858
2011-06-17,19.904930530013
2011-06-20,20.419562826801
2011-06-21,21.038866099207
2011-06-22,20.777188660163
2011-06-23,21.187149981333
2011-06-24,21.143537074825
2011-06-27,20.846969310575
2011-06-28,21.152259656127
2011-06-29,20.93419512359
2011-06-30,20.724853172354
2011-07-01,21.021420936604
2011-07-05,20.768466078861
2011-07-06,20.341059595088
2011-07-07,20.890582217082
2011-07-08,20.925472542288
2011-07-11,20.489343477213
2011-07-12,20.271278944676
2011-07-13,20.659433812592
2011-07-14,20.387136853328
2011-07-15,20.431055717725
2011-07-18,20.299299124533
2011-07-19,20.8702443617
2011-07-20,20.378353080448
2011-07-21,19.868894253437
2011-07-22,20.070921029666
2011-07-25,19.877678026317
2011-07-26,20.070921029666
2011-07-27,19.245246378992
2011-07-28,19.095922240041
2011-07-29,19.087138467161
2011-08-01,18.990516965487
2011-08-02,18.208761179211
2011-08-03,18.21754495209
2011-08-04,17.014168067598
2011-08-05,16.249979827082
2011-08-08,14.730387118927
2011-08-09,16.012817959335
2011-08-10,15.231062173059
2011-08-11,16.337817555877
2011-08-12,16.566195650744
2011-08-15,16.952681657442
2011-08-16,16.908762793044
2011-08-17,16.408087738913
2011-08-18,15.424305176408
2011-08-19,15.626331952637
2011-08-22,16.091871915251
2011-08-23,17.224978616707
2011-08-24,17.567545759007
2011-08-25,17.242546162466
2011-08-26,17.839842718272
2011-08-29,18.235112497849
2011-08-30,18.481058138476
2011-08-31,18.331733999524
2011-09-01,17.804707626754
2011-09-02,17.198627298068
2011-09-06,17.066870704875
2011-09-07,18.305382680885
2011-09-08,17.549978213248
2011-09-09,17.312816345502
2011-09-12,17.224978616707
2011-09-13,18.024301948741
2011-09-14,18.674301141825
2011-09-15,19.148624877318
2011-09-16,19.218895060354
2011-09-19,19.192543741715
2011-09-20,18.533760775753
2011-09-21,17.927680447067
2011-09-22,17.593897077646
2011-09-23,18.647949823186
2011-09-26,19.28038147051
2011-09-27,19.552678429775
2011-09-28,18.849976599415
2011-09-29,18.823625280776
2011-09-30,17.646599714923
2011-10-03,16.98781674896
2011-10-04,17.304032572622
2011-10-05,17.989166857223
2011-10-06,18.841192826535
2011-10-07,18.533760775753
2011-10-10,19.052003375643
2011-10-11,18.814841507897
2011-10-12,18.871936031613
2011-10-13,18.801122012733
2011-10-14,19.146340354775
2011-10-17,18.517865937212
2011-10-18,18.933898298134
2011-10-19,19.349930659056
2011-10-20,19.526965706257
2011-10-21,19.615483229857
2011-10-24,19.907591057739
2011-10-25,19.668593744017
2011-10-26,19.509262201537
2011-10-27,20.17314362854
2011-10-28,19.934146314819
2011-10-31,19.349930659056
2011-11-01,18.491310680132
2011-11-02,19.438448182656
2011-11-03,19.916442810099
2011-11-04,19.712852505818
2011-11-07,19.624334982217
2011-11-08,19.509262201537
2011-11-09,18.668345727332
2011-11-10,19.633186734577
2011-11-11,20.553768980022
2011-11-14,20.23510589506
2011-11-15,19.978405076619
2011-11-16,19.447299935016
2011-11-17,19.314523649616
2011-11-18,19.810221781778
2011-11-21,19.748259515258
2011-11-22,19.385337668496
2011-11-23,18.898491288694
2011-11-25,18.694900984413
2011-11-28,20.420992694621
2011-11-29,20.23510589506
2011-11-30,20.881283817343
2011-12-01,21.137984635785
2011-12-02,21.766459053348
2011-12-05,22.20019491899
2011-12-06,22.040863376509
2011-12-07,22.12938090011
2011-12-08,21.961197605269
2011-12-09,22.29756419495
2011-12-12,22.20019491899
2011-12-13,21.465499473106
2011-12-14,20.907839074423
2011-12-15,21.111429378705
2011-12-16,21.217650407025
2011-12-19,20.323623418661
2011-12-20,20.659990008342
2011-12-21,20.642286503622
2011-12-22,20.766211036663
2011-12-23,20.978653093304
2011-12-27,21.040615359824
2011-12-28,20.907839074423
2011-12-29,21.244205664105
2011-12-30,21.102577626344
2012-01-03,21.235353911745
2012-01-04,21.350426692426
2012-01-05,21.899235338748
2012-01-06,22.093973890669
2012-01-09,22.15593615719
2012-01-10,22.120529147749
2012-01-11,21.965623481449
2012-01-12,22.081466526178
2012-01-13,22.019089502093
2012-01-17,22.001267495212
2012-01-18,22.420084656927
2012-01-19,22.92801185305
2012-01-20,23.159697942509
2012-01-23,23.195341956272
2012-01-24,23.239896973476
2012-01-25,23.76564617648
2012-01-26,23.418117042291
2012-01-27,23.560693097343
2012-01-30,23.516138080139
2012-01-31,23.382473028528
2012-02-01,23.747824169599
2012-02-02,23.64089212831
2012-02-03,24.059709290025
2012-02-06,24.148819324432
2012-02-07,23.854756210888
2012-02-08,23.792379186802
2012-02-09,23.774557179921
2012-02-10,23.99733226594
2012-02-13,24.12208631411
2012-02-14,24.665657523996
2012-02-15,24.781500568726
2012-02-16,25.102296692593
2012-02-17,25.129029702915
2012-02-21,24.995364651304
2012-02-22,25.271605757967
2012-02-23,25.592401881834
2012-02-24,25.414181813019
2012-02-27,25.743888940327
2012-02-28,25.850820981616
2012-02-29,25.993397036668
2012-03-01,26.305282157094
2012-03-02,25.815176967853
2012-03-05,26.207261119246
2012-03-06,26.394392191501
2012-03-07,26.670633298165
2012-03-08,26.839942363539
2012-03-09,26.964696411709
2012-03-12,26.652811291283
2012-03-13,26.991429422032
2012-03-14,26.97360741515
2012-03-15,27.044895442676
2012-03-16,26.49241322935
2012-03-19,26.795387346335
2012-03-20,27.098361463321
2012-03-21,27.552822638799
2012-03-22,27.793419731699
2012-03-23,27.606288659443
2012-03-26,28.613232048248
2012-03-27,28.167681876211
2012-03-28,28.096393848685
2012-03-29,28.123126859007
2012-03-30,27.668665683529
2012-04-02,27.731042707614
2012-04-03,28.230058900296
2012-04-04,27.784508728258
2012-04-05,27.980550803955
2012-04-09,27.820152742021
2012-04-10,26.85776437042
2012-04-11,26.902319387624
2012-04-12,27.359506421536
2012-04-13,27.431222034698
2012-04-16,27.529831002797
2012-04-17,27.978053585063
2012-04-18,28.282844941004
2012-04-19,27.780835648866
2012-04-20,27.789800100512
2012-04-23,27.216075195211
2012-04-24,26.812674871171
2012-04-25,27.368470873181
2012-04-26,27.691191132413
2012-04-27,27.709120035704
2012-04-30,27.422257583053
2012-05-01,27.646368874186
2012-05-02,28.524885135428
2012-05-03,28.30973829594
2012-05-04,27.511902099506
2012-05-07,26.875426032688
2012-05-08,26.113447642836
2012-05-09,25.961051964865
2012-05-10,26.301701127387
2012-05-11,26.131376546126
2012-05-14,25.943123061574
2012-05-15,25.83554964183
2012-05-16,25.934158609929
2012-05-17,25.109429058559
2012-05-18,27.189181840275
2012-05-21,27.269861905083
2012-05-22,27.816693455448
2012-05-23,28.282844941004
2012-05-24,28.964143266049
2012-05-25,29.062752234148
2012-05-29,29.376508041734
2012-05-30,28.722103071625
2012-05-31,28.453169522266
2012-06-01,27.225039646856
2012-06-04,26.866461581043
2012-06-05,27.242968550147
2012-06-06,27.933231326837
2012-06-07,27.395364228117
2012-06-08,27.960124681773
2012-06-11,27.314684163309
2012-06-12,27.709120035704
2012-06-13,26.669243644846
2012-06-14,26.669243644846
2012-06-15,26.740959258008
2012-06-18,26.767852612944
2012-06-19,26.6602791932
2012-06-20,26.740959258008
2012-06-21,26.346523385614
2012-06-22,26.149305449417
2012-06-25,25.611438350697
2012-06-26,26.221021062579
2012-06-27,26.256878869161
2012-06-28,25.880371900057
2012-06-29,27.413293131408
2012-07-02,27.556724357733
2012-07-03,27.789800100512
2012-07-05,28.417311715684
2012-07-06,28.067698101517
2012-07-09,28.004946939999
2012-07-10,28.336631650876
2012-07-11,28.677280813399
2012-07-12,29.046903106184
2012-07-13,29.795162869627
2012-07-16,29.596828956425
2012-07-17,29.705011090899
2012-07-18,30.155769984539
2012-07-19,30.435240498596
2012-07-20,29.714026268772
2012-07-23,29.416525398969
2012-07-24,29.470616466206
2012-07-25,29.16410041853
2012-07-26,29.695995913026
2012-07-27,30.327058364123
2012-07-30,30.236906585394
2012-07-31,29.768117336008
2012-08-01,29.560768244934
2012-08-02,29.67796555728
2012-08-03,30.579483344561
2012-08-06,30.417210142851
2012-08-07,31.075318127565
2012-08-08,31.210545795658
2012-08-09,31.138424372675
2012-08-10,30.759786902017
2012-08-13,30.940090459473
2012-08-14,30.895014570109
2012-08-15,31.12039401693
2012-08-16,31.093348483311
2012-08-17,31.63425915568
2012-08-20,30.895014570109
2012-08-21,31.003196704583
2012-08-22,31.12039401693
2012-08-23,30.687665479035
2012-08-24,30.669635123289
2012-08-27,30.840923502872
2012-08-28,30.99418152671
2012-08-29,31.066302949693
2012-08-30,31.093348483311
2012-08-31,31.165469906294
2012-09-04,31.967820736973
2012-09-05,31.832593068881
2012-09-06,32.752141211908
2012-09-07,32.860323346381
2012-09-10,33.202900105548
2012-09-11,32.905399235745
2012-09-12,33.284036706403
2012-09-13,33.446309908114
2012-09-14,33.238960817039
2012-09-17,33.139793860438
2012-09-18,32.499716231469
2012-09-19,33.031611725965
2012-09-20,33.599567931951
2012-09-21,32.932444769364
2012-09-24,32.689034966798
2012-09-25,32.265321606776
2012-09-26,32.256306428903
2012-09-27,32.490701053596
2012-09-28,32.003881448465
2012-10-01,31.769486823772
2012-10-02,31.589183266315
2012-10-03,31.562137732697
2012-10-04,31.742441290153
2012-10-05,32.139109116557
2012-10-08,32.02191180421
2012-10-09,31.769486823772
2012-10-10,31.616228799934
2012-10-11,31.398748292282
2012-10-12,31.534673609564
2012-10-15,31.897141122318
2012-10-16,32.667384586919
2012-10-17,32.748939777289
2012-10-18,32.830494967658
2012-10-19,32.58582939655
2012-10-22,31.987758000506
2012-10-23,31.625290487753
2012-10-24,31.126897657717
2012-10-25,30.782553520601
2012-10-26,30.347592505296
2012-10-31,30.356654193115
2012-11-01,31.135959345535
2012-11-02,30.782553520601
2012-11-05,31.190329472448
2012-11-06,31.208452848086
2012-11-07,30.773491832782
2012-11-08,29.115202961934
2012-11-09,29.532040601601
2012-11-12,29.314560093948
2012-11-13,29.559225665057
2012-11-14,28.779920512637
2012-11-15,28.861475703006
2012-11-16,30.148235373282
2012-11-19,30.411024320028
2012-11-20,30.574134700767
2012-11-21,30.873170398789
2012-11-23,31.552796985202
2012-11-26,31.607167112115
2012-11-27,31.226576223724
2012-11-28,32.159930069064
2012-11-29,32.368348888898
2012-11-30,32.477089142724
2012-12-03,32.168991756883
2012-12-04,32.259608635072
2012-12-05,31.697783990303
2012-12-06,31.87901774668
2012-12-07,31.951511249231
2012-12-10,31.752154117216
2012-12-11,31.380624916644
2012-12-12,30.256975627108
2012-12-13,29.541102289419
2012-12-14,29.45954709905
2012-12-17,30.184482124557
2012-12-18,30.302284066202
2012-12-19,30.039495119456
2012-12-20,30.030433431637
2012-12-21,30.501641198217
2012-12-24,30.021371743818
2012-12-26,29.06989452284
2012-12-27,28.952092581195
2012-12-28,28.816167263912
2012-12-31,29.106141274115
2013-01-02,28.634933507535
2013-01-03,29.450485411231
2013-01-04,30.021371743818
2013-01-07,29.713274357977
2013-01-08,30.048556807275
2013-01-09,29.912631489992
2013-01-10,30.347592505296
2013-01-11,30.420086007847
2013-01-14,30.139173685463
2013-01-15,30.855047023151
2013-01-16,30.809738584057
2013-01-17,30.727749332946
2013-01-18,30.554660913935
2013-01-22,30.718639416156
2013-01-23,30.472671662824
2013-01-24,30.791518750477
2013-01-25,31.274344340351
2013-01-28,31.265234423561
2013-01-29,31.429212925783
2013-01-30,31.347223674672
2013-01-31,31.292564173931
2013-02-01,31.483872426523
2013-02-04,30.882617918378
2013-02-05,31.11036583813
2013-02-06,31.520312093683
2013-02-07,31.492982343313
2013-02-08,31.748060013436
2013-02-11,31.738950096645
2013-02-12,31.629631095164
2013-02-13,30.463561746034
2013-02-14,30.326912994183
2013-02-15,30.527331163565
2013-02-19,31.037486503809
2013-02-20,31.292564173931
2013-02-21,31.237904673191
2013-02-22,30.937277419118
2013-02-25,30.181154325541
2013-02-26,30.099165074431
2013-02-27,30.864398084798
2013-02-28,31.14680550529
2013-03-01,31.474762509733
2013-03-04,31.420103008993
2013-03-05,32.19444593615
2013-03-06,32.039577350718
2013-03-07,32.167116185779
2013-03-08,29.871417154679
2013-03-11,29.598119650976
2013-03-12,29.844087404308
2013-03-13,30.00806590653
2013-03-14,30.06272540727
2013-03-15,29.479690732705
2013-03-18,29.288382480113
2013-03-19,29.106184144312
2013-03-20,29.343041980854
2013-03-21,29.406811398384
2013-03-22,30.345132827763
2013-03-25,30.099165074431
2013-03-26,30.782408833687
2013-03-27,31.08303608776
2013-03-28,31.192355089241
2013-04-01,30.809738584057
2013-04-02,30.745969166527
2013-04-03,30.254033659862
2013-04-04,30.199374159122
2013-04-05,30.390682411713
2013-04-08,30.290473327022
2013-04-09,30.02628574011
2013-04-10,30.755079083317
2013-04-11,31.028376587019
2013-04-12,31.438322842573
2013-04-15,30.490891496404
2013-04-16,30.345132827763
2013-04-17,29.762098153198
2013-04-18,29.138808139518
2013-04-19,29.257966524486
2013-04-22,30.037079041586
2013-04-23,29.807928301262
2013-04-24,29.64293976823
2013-04-25,30.614538907201
2013-04-26,30.880353765976
2013-04-29,31.091172447073
2013-04-30,31.961945260302
2013-05-01,31.76945863843
2013-05-02,31.998609378754
2013-05-03,32.337752474432
2013-05-06,32.136099822948
2013-05-07,32.713559688563
2013-05-08,32.869382191982
2013-05-09,32.970208517725
2013-05-10,33.153529109983
2013-05-13,33.272687494952
2013-05-14,33.318517643016
2013-05-15,33.501838235275
2013-05-16,33.364347791081
2013-05-17,33.840981330953
2013-05-20,33.538502353727
2013-05-21,33.272687494952
2013-05-22,32.841884103144
2013-05-23,32.70439365895
2013-05-24,31.072840387847
2013-05-28,31.256160980106
2013-05-29,31.182832743202
2013-05-30,31.17366671359
2013-05-31,31.457813631591
2013-06-03,31.411983483526
2013-06-04,31.906949082624
2013-06-05,31.219496861654
2013-06-06,31.61363613501
2013-06-07,32.01694143798
2013-06-10,32.282756296755
2013-06-11,31.696130401527
2013-06-12,31.311157157784
2013-06-13,31.586138046172
2013-06-14,31.870284964173
2013-06-17,31.76945863843
2013-06-18,32.4569108594
2013-06-19,32.539405125917
2013-06-20,32.035273497205
2013-06-21,32.062771586044
2013-06-24,31.494477750042
2013-06-25,31.686964371914
2013-06-26,31.072840387847
2013-06-27,31.3936514243
2013-06-28,32.200262030238
2013-07-01,32.411080711336
2013-07-02,32.713559688563
2013-07-03,32.484408948239
2013-07-05,32.777721895853
2013-07-08,33.602664561017
2013-07-09,33.54766838334
2013-07-10,33.685158827534
2013-07-11,33.712656916372
2013-07-12,33.960139715922
2013-07-15,34.015135893599
2013-07-16,33.373513820694
2013-07-17,33.39184587992
2013-07-18,33.714427885384
2013-07-19,33.631478226836
2013-07-22,33.723644514112
2013-07-23,33.493228795923
2013-07-24,32.857281413722
2013-07-25,33.244379820279
2013-07-26,33.42871239483
2013-07-29,33.484012167195
2013-07-30,33.613044969381
2013-07-31,33.299679592644
2013-08-01,34.341158638857
2013-08-02,34.387241782495
2013-08-05,34.663740644322
2013-08-06,32.838848156267
2013-08-07,33.032397359545
2013-08-08,32.875714671177
2013-08-09,31.815802367508
2013-08-12,32.230550660248
2013-08-13,32.202900774065
2013-08-14,32.129167744245
2013-08-15,31.898752026056
2013-08-16,31.935618540967
2013-08-19,31.345754302403
2013-08-20,32.350366833706
2013-08-21,31.391837446041
2013-08-22,31.345754302403
2013-08-23,30.424091429648
2013-08-26,30.433308058376
2013-08-27,29.640677987806
2013-08-28,30.018559765636
2013-08-29,29.990909879453
2013-08-30,29.677544502716
2013-09-03,29.566944957986
2013-09-04,30.285841998735
2013-09-05,30.26740874128
2013-09-06,30.092292795456
2013-09-09,30.543907603106
2013-09-10,30.700590291475
2013-09-11,30.875706237298
2013-09-12,30.3411417711
2013-09-13,30.248975483825
2013-09-16,30.230542226369
2013-09-17,30.746673435112
2013-09-18,31.032388925666
2013-09-19,30.75589006384
2013-09-20,30.387224914738
2013-09-23,30.119942681639
2013-09-24,30.488607830741
2013-09-25,29.990909879453
2013-09-26,30.193675711459
2013-09-27,31.428703960951
2013-09-30,31.28123790131
2013-10-01,31.345754302403
2013-10-02,31.235154757673
2013-10-03,30.866489608571
2013-10-04,30.884922866026
2013-10-07,30.258192112552
2013-10-08,29.825010562357
2013-10-09,30.000126508181
2013-10-10,30.442524687103
2013-10-11,30.295058627462
2013-10-14,30.331925142373
2013-10-15,30.258192112552
2013-10-16,30.838839722388
2013-10-17,30.736847167684
2013-10-18,31.339530445481
2013-10-21,31.089185083935
2013-10-22,31.330258395054
2013-10-23,31.478611201896
2013-10-24,31.70114041216
2013-10-25,31.710412462588
2013-10-28,32.062750378839
2013-10-29,32.544897001077
2013-10-30,32.220375236109
2013-10-31,32.174014983971
2013-11-01,32.442904446373
2013-11-04,32.127654731832
2013-11-05,32.29455163953
2013-11-06,32.962139270321
2013-11-07,32.693249807919
2013-11-08,33.351565388283
2013-11-11,33.63899895154
2013-11-12,33.314477186572
2013-11-13,34.065513271213
2013-11-14,34.427123237891
2013-11-15,34.436395288319
2013-11-18,34.454939389174
2013-11-19,34.306586582332
2013-11-20,33.898616363515
2013-11-21,34.084057372068
2013-11-22,35.484136986644
2013-11-25,35.706666196908
2013-11-26,35.753026449046
2013-11-27,36.13318051658
2013-11-29,36.059004113159
2013-12-02,36.13318051658
2013-12-03,36.272261272995
2013-12-04,35.938467457599
2013-12-05,36.012643861021
2013-12-06,36.355709726844
2013-12-09,35.901379255889
2013-12-10,35.808658751612
2013-12-11,35.984827709738
2013-12-12,35.762298499474
2013-12-13,35.984827709738
2013-12-16,36.105364365297
2013-12-17,36.235173071284
2013-12-18,37.134561962767
2013-12-19,36.791496096944
2013-12-20,38.117399308099
2013-12-23,37.969046501256
2013-12-24,38.237935963658
2013-12-26,38.061767005533
2013-12-27,37.996862652539
2013-12-30,38.265752114941
2013-12-31,38.423376972211
2014-01-02,37.811421643986
2014-01-03,38.247208014086
2014-01-06,38.247208014086
2014-01-07,38.247208014086
2014-01-08,38.117399308099
2014-01-09,38.061767005533
2014-01-10,38.256480064514
2014-01-13,37.663068837144
2014-01-14,37.885598047407
2014-01-15,37.44053962688
2014-01-16,36.797583620346
2014-01-17,36.238491440751
2014-01-21,36.070763786872
2014-01-22,35.958945350953
2014-01-23,35.604853637209
2014-01-24,34.915306615709
2014-01-27,35.418489577344
2014-01-28,35.57689902823
2014-01-29,35.064397863601
2014-01-30,36.117354801838
2014-01-31,35.968263553946
2014-02-03,34.225759594208
2014-02-04,34.980534036662
2014-02-05,35.362580359385
2014-02-06,35.735308479115
2014-02-07,36.033490974899
2014-02-10,35.847126915034
2014-02-11,36.592583154494
2014-02-12,36.480764718575
2014-02-13,36.536673936535
2014-02-14,36.29440065871
2014-02-18,36.201218628778
2014-02-19,36.713719793406
2014-02-20,37.328721190961
2014-02-21,37.272811973001
2014-02-24,37.701449310691
2014-02-25,38.549405783077
2014-02-26,39.117816165665
2014-02-27,38.978043120766
2014-02-28,38.866224684847
2014-03-03,38.940770308793
2014-03-04,39.872590608118
2014-03-05,39.481226082402
2014-03-06,39.816681390159
2014-03-07,43.320325715621
2014-03-10,42.835779159972
2014-03-11,43.022143219837
2014-03-12,42.574869476161
2014-03-13,42.388505416296
2014-03-14,41.997140890579
2014-03-17,42.304641589356
2014-03-18,43.068734234803
2014-03-19,43.161916264735
2014-03-20,43.366916730587
2014-03-21,42.714642521059
2014-03-24,42.984870407864
2014-03-25,42.919642986911
2014-03-26,42.006459093572
2014-03-27,42.174186747451
2014-03-28,42.984870407864
2014-03-31,43.77691766229
2014-04-01,44.075100158074
2014-04-02,45.034875066379
2014-04-03,44.019190940115
2014-04-04,43.152598061742
2014-04-07,42.146232138471
2014-04-08,42.733278927046
2014-04-09,42.984870407864
2014-04-10,41.689640191802
2014-04-11,41.018729576288
2014-04-14,41.466003319964
2014-04-15,41.782822221734
2014-04-16,42.325942725737
2014-04-17,42.36339931222
2014-04-21,42.494497364911
2014-04-22,42.663052004084
2014-04-23,42.822242496636
2014-04-24,43.206172508087
2014-04-25,42.925248109465
2014-04-28,43.337270560777
2014-04-29,43.580738372916
2014-04-30,43.571374226295
2014-05-01,43.571374226295
2014-05-02,44.105130583678
2014-05-05,44.339234249196
2014-05-06,43.927211797884
2014-05-07,43.777385451952
2014-05-08,44.161315463402
2014-05-09,44.788713286991
2014-05-12,45.594029896375
2014-05-13,45.753220388927
2014-05-14,45.706399655824
2014-05-15,45.285013057891
2014-05-16,45.884318441618
2014-05-19,45.715763802445
2014-05-20,44.788713286991
2014-05-21,44.535881328232
2014-05-22,45.107094272097
2014-05-23,45.809405268652
2014-05-27,45.350562084236
2014-05-28,45.397382817339
2014-05-29,44.947903779544
2014-05-30,45.116458418717
2014-06-02,45.462931843685
2014-06-03,45.743856242307
2014-06-04,46.071601374033
2014-06-05,46.652178464518
2014-06-06,46.446167238862
2014-06-09,46.380618212517
2014-06-10,46.764548223967
2014-06-11,46.455531385483
2014-06-12,46.343161626034
2014-06-13,46.29634089293
2014-06-16,46.680270904381
2014-06-17,46.183971133481
2014-06-18,46.80200481045
2014-06-19,46.661542611139
2014-06-20,46.474259678724
2014-06-23,46.811368957071
2014-06-24,46.324433332793
2014-06-25,46.689635051001
2014-06-26,46.183971133481
2014-06-27,47.401310194177
2014-06-30,47.494951660385
2014-07-01,48.31899656301
2014-07-02,48.141077777216
2014-07-03,48.4500946157
2014-07-07,47.803968498869
2014-07-08,47.485587513764
2014-07-09,47.513679953626
2014-07-10,47.391946047557
2014-07-11,46.80200481045
2014-07-14,46.605357731415
2014-07-15,46.389982359138
2014-07-16,45.341197937615
2014-07-17,44.33466097095
2014-07-18,45.783321651944
2014-07-21,45.604590788705
2014-07-22,45.218908399609
2014-07-23,45.595183901166
2014-07-24,46.592313980292
2014-07-25,45.55755635101
2014-07-28,45.604590788705
2014-07-29,45.632811451322
2014-07-30,45.867983639795
2014-07-31,44.710936472507
2014-08-01,45.265942837304
2014-08-04,45.839762977178
2014-08-05,45.595183901166
2014-08-06,46.121969603346
2014-08-07,45.38823237531
2014-08-08,47.2225754454
2014-08-11,46.818079281226
2014-08-12,47.30723743325
2014-08-13,47.2225754454
2014-08-14,47.702326709885
2014-08-15,46.855706831382
2014-08-18,47.692919822346
2014-08-19,48.878187652251
2014-08-20,49.32031136658
2014-08-21,49.452007792125
2014-08-22,50.910075360658
2014-08-25,51.342792187449
2014-08-26,52.085936303024
2014-08-27,52.998404394299
2014-08-28,52.669163330437
2014-08-29,52.782045980904
2014-09-02,53.854431160341
2014-09-03,53.732141622335
2014-09-04,53.929686260653
2014-09-05,53.797989835108
2014-09-08,53.807396722647
2014-09-09,53.139507707383
2014-09-10,53.421714333551
2014-09-11,53.760362284952
2014-09-12,53.713327847258
2014-09-15,53.741548509874
2014-09-16,54.541133950683
2014-09-17,53.910872485575
2014-09-18,53.976720698347
2014-09-19,53.449934996168
2014-09-22,53.261797245389
2014-09-23,52.90433551891
2014-09-24,53.581631421713
2014-09-25,52.735011543209
2014-09-26,53.581631421713
2014-09-29,53.205355920156
2014-09-30,52.349329154114
2014-10-01,51.568557488383
2014-10-02,51.68144013885
2014-10-03,52.838487306138
2014-10-06,52.443398029503
2014-10-07,51.728474576545
2014-10-08,52.302294716419
2014-10-09,51.831950339473
2014-10-10,51.878984777167
2014-10-13,50.656089397107
2014-10-14,50.693716947263
2014-10-15,50.336255220784
2014-10-16,49.760066148075
2014-10-17,50.506278225846
2014-10-20,51.356393251154
2014-10-21,52.329302669008
2014-10-22,51.658656371264
2014-10-23,52.083713883919
2014-10-24,51.668102093768
2014-10-27,51.998702381388
2014-10-28,52.385977004028
2014-10-29,52.5843371766
2014-10-30,52.754360181662
2014-10-31,52.905491741717
2014-11-03,53.056623301772
2014-11-04,50.6574097859
2014-11-05,49.788403315585
2014-11-06,51.450850476189
2014-11-07,51.479187643699
2014-11-10,51.734222151292
2014-11-11,51.668102093768
2014-11-12,52.641011511621
2014-11-13,52.5843371766
2014-11-14,52.88660029671
2014-11-17,51.762559318802
2014-11-18,51.790896486312
2014-11-19,53.075514746779
2014-11-20,53.840618269557
2014-11-21,51.526416256216
2014-11-24,53.302212086861
2014-11-25,53.755606767026
2014-11-26,53.585583761964
2014-11-28,54.114544222156
2014-12-01,53.226646306834
2014-12-02,53.746161044522
2014-12-03,54.322350117232
2014-12-04,54.133435667163
2014-12-05,53.557246594454
2014-12-08,53.406115034399
2014-12-09,53.358886421882
2014-12-10,52.91493746422
2014-12-11,53.254983474344
2014-12-12,53.037731856765
2014-12-15,53.972858384605
2014-12-16,52.688240124138
2014-12-17,53.207754861827
2014-12-18,54.671841849859
2014-12-19,50.874661403479
2014-12-22,51.630319203754
2014-12-23,52.159279663946
2014-12-24,52.244291166477
2014-12-26,52.385977004028
2014-12-29,53.415560756902
2014-12-30,53.226646306834
2014-12-31,53.066069024275
2015-01-02,52.933828909227
2015-01-05,52.792143071676
2015-01-06,51.422513308678
2015-01-07,53.765052489529
2015-01-08,54.312904394728
2015-01-09,53.103851914289
2015-01-12,53.642258096985
2015-01-13,52.546554286587
2015-01-14,50.468495335832
2015-01-15,49.44413948237
2015-01-16,49.387230823844
2015-01-20,49.169080966163
2015-01-21,49.804560986366
2015-01-22,50.724584299197
2015-01-23,50.696129969934
2015-01-26,51.208307896665
2015-01-27,51.293670884454
2015-01-28,51.018612368246
2015-01-29,51.549759847819
2015-01-30,50.477980112253
2015-02-02,50.591797429304
2015-02-03,51.843787916868
2015-02-04,51.530790294977
2015-02-05,51.597183729924
2015-02-06,50.364162795201
2015-02-09,49.728682774998
2015-02-10,50.544373547199
2015-02-11,50.629736534988
2015-02-12,51.303155660875
2015-02-13,51.179853567402
2015-02-17,50.885825498353
2015-02-18,50.999642815405
2015-02-19,52.242148526548
2015-02-20,52.697417794753
2015-02-23,53.105263180854
2015-02-24,52.934537205277
2015-02-25,53.000930640223
2015-02-26,52.96299153454
2015-02-27,53.275989156431
2015-03-02,53.26650438001
2015-03-03,53.532078119796
2015-03-04,54.527979643995
2015-03-05,54.091679928632
2015-03-06,56.311117611132
2015-03-09,57.914044826271
2015-03-10,57.506199440171
2015-03-11,57.970953484797
2015-03-12,58.321890212372
2015-03-13,58.151164236795
2015-03-16,57.582077651538
2015-03-17,58.075286025427
2015-03-18,58.018377366902
2015-03-19,58.881492021207
2015-03-20,59.469548159306
2015-03-23,59.118611431731
2015-03-24,59.441093830043
2015-03-25,58.90994635047
2015-03-26,58.141679460374
2015-03-27,58.663342163526
2015-03-30,60.332662813611
2015-03-31,59.754091451934
2015-04-01,59.298822183729
2015-04-02,59.365215618675
2015-04-06,59.317791736571
2015-04-07,58.378798870897
2015-04-08,59.403154724359
2015-04-09,59.336761289413
2015-04-10,58.824583362682
2015-04-13,58.596948728579
2015-04-14,57.70537974501
2015-04-15,57.951983931955
2015-04-16,57.856746489174
2015-04-17,56.485327313135
2015-04-20,56.980562015594
2015-04-21,57.218655622545
2015-04-22,57.14246566832
2015-04-23,57.82817525634
2015-04-24,57.961507676233
2015-04-27,57.209131878267
2015-04-28,57.151989412598
2015-04-29,56.628183477306
2015-04-30,56.618659733028
2015-05-01,57.409130508106
2015-05-04,57.694842836448
2015-05-05,57.82817525634
2015-05-06,58.009126397623
2015-05-07,58.675788497087
2015-05-08,58.51388484436
2015-05-11,58.732930962755
2015-05-12,57.932936443399
2015-05-13,58.428171145858
2015-05-14,58.380552424467
2015-05-15,58.732930962755
2015-05-18,59.790066577619
2015-05-19,60.428157444249
2015-05-20,60.466252421361
2015-05-21,60.951963379542
2015-05-22,60.437681188527
2015-05-26,59.571020459224
2015-05-27,60.390062467137
2015-05-28,60.123397627351
2015-05-29,60.190063837298
2015-06-01,60.209111325854
2015-06-02,59.618639180614
2015-06-03,60.57101360842
2015-06-04,59.913875253234
2015-06-05,59.685305390561
2015-06-08,59.523401737834
2015-06-09,59.047214523931
2015-06-10,59.523401737834
2015-06-11,60.151968860185
2015-06-12,60.380538722859
2015-06-15,59.59006794778
2015-06-16,60.009112696015
2015-06-17,60.171016348741
2015-06-18,60.694822284034
2015-06-19,61.132914520825
2015-06-22,61.790052876011
2015-06-23,62.713856070982
2015-06-24,62.42814374264
2015-06-25,62.913854700821
2015-06-26,64.104322735577
2015-06-29,62.885283467987
2015-06-30,63.818610407236
2015-07-01,64.732889857929
2015-07-02,64.294797621139
2015-07-06,64.751937346485
2015-07-07,65.590026842954
2015-07-08,65.647169308622
2015-07-09,65.666216797178
2015-07-10,66.24716519814
2015-07-13,67.132873415998
2015-07-14,66.847161087657
2015-07-15,66.370973873754
2015-07-16,66.839317439396
2015-07-17,66.390089937658
2015-07-20,66.915781695011
2015-07-21,66.533460416936
2015-07-22,67.154732493807
2015-07-23,66.81064334354
2015-07-24,66.361415841802
2015-07-27,65.749701796883
2015-07-28,65.959978499824
2015-07-29,66.342299777899
2015-07-30,67.183406589663
2015-07-31,67.431915420411
2015-08-03,67.078268238192
2015-08-04,68.559763190731
2015-08-05,69.247941491266
2015-08-06,68.158325848753
2015-08-07,67.890700954101
2015-08-10,69.974351919607
2015-08-11,70.079490271078
2015-08-12,69.028106756373
2015-08-13,69.448660162255
2015-08-14,69.983909951559
2015-08-17,70.767668571612
2015-08-18,70.844132827227
2015-08-19,70.786784635516
2015-08-20,68.55020515878
2015-08-21,65.969536531776
2015-08-24,64.746108441937
2015-08-25,64.96594317683
2015-08-26,67.556169835786
2015-08-27,68.65534351025
2015-08-28,68.454624839261
2015-08-31,67.661308187256
2015-09-01,67.288544941133
2015-09-02,68.282580264127
2015-09-03,67.756888506775
2015-09-04,67.68042425116
2015-09-08,69.095012980036
2015-09-09,67.986281273619
2015-09-10,68.473740903165
2015-09-11,69.008990692469
2015-09-14,69.11412904394
2015-09-15,69.429544098351
2015-09-16,70.117722398885
2015-09-17,70.251534846212
2015-09-18,70.098606334982
2015-09-21,70.050816175222
2015-09-22,69.840539472281
2015-09-23,70.586065964527
2015-09-24,71.092641657976
2015-09-25,72.411650067333
2015-09-28,70.614740060382
2015-09-29,68.731807765865
2015-09-30,68.789155957576
2015-10-01,68.005397337523
2015-10-02,67.747330474823
2015-10-05,68.96120053271
2015-10-06,67.613518027497
2015-10-07,66.09379094715
2015-10-08,68.148767816801
2015-10-09,67.900258986053
2015-10-12,67.642192123352
2015-10-13,66.896665631107
2015-10-14,65.730585732979
2015-10-15,65.759364448274
2015-10-16,67.207893118105
2015-10-19,67.956139715765
2015-10-20,66.920105965158
2015-10-21,67.323007979283
2015-10-22,66.517203951033
2015-10-23,61.020469329755
2015-10-26,62.804749678023
2015-10-27,63.428288509407
2015-10-28,65.250940478068
2015-10-29,65.107046901595
2015-10-30,64.991932040417
2015-11-02,65.461984390229
2015-11-03,66.37331037456
2015-11-04,65.615470871801
2015-11-05,66.152673557301
2015-11-06,64.253278347854
2015-11-09,64.483508070211
2015-11-10,62.977421969791
2015-11-11,59.64868390071
2015-11-12,58.852472777558
2015-11-13,55.677221190048
2015-11-16,56.732440750852
2015-11-17,57.077785334388
2015-11-18,58.631835960299
2015-11-19,59.025145069326
2015-11-20,62.373068948603
2015-11-23,62.411440568996
2015-11-24,62.584112860764
2015-11-25,63.351545268622
2015-11-27,63.552996275684
2015-11-30,62.353883138407
2015-12-01,63.006200685086
2015-12-02,63.207651692148
2015-12-03,61.308256482701
2015-12-04,63.19805878705
2015-12-07,63.62973951647
2015-12-08,63.859969238827
2015-12-09,63.73526147255
2015-12-10,64.339614493738
2015-12-11,63.696889852157
2015-12-14,63.341952363523
2015-12-15,61.250699052112
2015-12-16,62.430626379193
2015-12-17,61.404185533684
2015-12-18,61.663193971335
2015-12-21,61.404185533684
2015-12-22,63.936712479613
2015-12-23,64.27246415805
2015-12-24,62.344290233309
2015-12-28,62.603298670961
2015-12-29,63.015793590184
2015-12-30,62.296325707818
2015-12-31,62.440219284291
2016-01-04,62.651263196452
2016-01-05,63.533810465488
2016-01-06,62.574519955666
2016-01-07,61.816680452907
2016-01-08,60.147514965817
2016-01-11,60.070771725031
2016-01-12,60.790239607398
2016-01-13,59.38008255796
2016-01-14,59.283764500283
2016-01-15,58.416901981188
2016-01-19,60.574426473157
2016-01-20,59.948359098255
2016-01-21,62.182938036365
2016-01-22,62.799373605499
2016-01-25,62.096251784455
2016-01-26,63.695131541896
2016-01-27,63.30022750542
2016-01-28,64.831684622486
2016-01-29,65.072479766679
2016-02-01,66.555777854907
2016-02-02,66.594305077978
2016-02-03,65.968237703077
2016-02-04,65.544438249297
2016-02-05,63.386913757329
2016-02-08,62.134779007526
2016-02-09,61.296811905735
2016-02-10,61.61466149607
2016-02-11,61.624293301837
2016-02-12,63.521759038077
2016-02-16,65.188061435892
2016-02-17,65.168797824356
2016-02-18,64.533098643687
2016-02-19,65.014688932073
2016-02-22,64.77389378788
2016-02-23,63.772185988038
2016-02-24,64.31156711103
2016-02-25,64.56199406099
2016-02-26,61.778402194121
2016-02-29,60.198786048216
2016-03-01,61.133071207684
2016-03-02,61.258284682664
2016-03-03,60.911539675027
2016-03-04,60.680376336601
2016-03-07,60.063940767468
2016-03-08,61.104175790381
2016-03-09,60.401053969338
2016-03-10,61.046384955775
2016-03-11,61.778402194121
2016-03-14,61.913247474869
2016-03-15,60.805589811582
2016-03-16,61.19086204229
2016-03-17,62.722319159357
2016-03-18,62.818637217034
2016-03-21,64.195985441817
2016-03-22,63.752922376502
2016-03-23,61.441288992251
2016-03-24,61.133071207684
2016-03-28,62.799373605499
2016-03-29,63.386913757329
2016-03-30,63.319491116955
2016-03-31,62.125147201759
2016-04-01,61.40276176918
2016-04-04,61.171598430755
2016-04-05,60.487740221247
2016-04-06,60.930803286562
2016-04-07,60.073572573235
2016-04-08,59.63050950792
2016-04-11,57.27071709483
2016-04-12,57.771570994752
2016-04-13,59.953175001139
2016-04-14,59.421074851863
2016-04-15,59.401725755526
2016-04-18,60.465926054077
2016-04-19,59.750009489597
2016-04-20,59.324329370177
2016-04-21,58.492318227672
2016-04-22,58.443945486829
2016-04-25,58.395572745986
2016-04-26,59.285631177502
2016-04-27,59.914476808464
2016-04-28,59.469447592706
2016-04-29,59.4404239482
2016-05-02,60.020896838319
2016-05-03,59.51782033355
2016-05-04,59.837080423115
2016-05-05,58.453620034998
2016-05-06,58.801903769069
2016-05-09,60.136991416343
2016-05-10,59.043767473286
2016-05-11,56.85731958717
2016-05-12,57.118532387724
2016-05-13,55.589953777077
2016-05-16,57.379745188277
2016-05-17,56.702526816472
2016-05-18,55.261019139343
2016-05-19,56.64447952746
2016-05-20,52.987500319709
2016-05-23,52.319956496072
2016-05-24,52.348980140578
2016-05-25,53.05522215689
2016-05-26,52.929453030697
2016-05-27,53.258387668431
2016-05-31,54.100073359104
2016-06-01,53.113269445902
2016-06-02,53.287411312937
2016-06-03,53.064896705058
2016-06-06,52.813358452673
2016-06-07,53.384156794624
2016-06-08,53.48090227631
2016-06-09,53.838860558551
2016-06-10,53.877558751225
2016-06-13,53.229364023926
2016-06-14,52.861731193517
2016-06-15,52.474749266771
2016-06-16,51.565341738917
2016-06-17,51.90395092482
2016-06-20,51.971672762001
2016-06-21,52.203861918048
2016-06-22,51.807205443134
2016-06-23,51.410548968219
2016-06-24,51.381525323713
2016-06-27,50.104484965451
2016-06-28,50.481792344028
2016-06-29,53.287411312937
2016-06-30,53.074571253227
2016-07-01,53.132618542239
2016-07-05,53.12294399407
2016-07-06,54.032351521924
2016-07-07,53.548624113491
2016-07-08,55.541581036233
2016-07-11,56.218799408039
2016-07-12,56.470337660424
2016-07-13,56.339731260147
2016-07-14,56.106440447476
2016-07-15,56.03839729378
2016-07-18,57.165969555025
2016-07-19,56.80631288549
2016-07-20,56.689667479154
2016-07-21,56.981280994994
2016-07-22,57.52562622456
2016-07-25,57.5742284772
2016-07-26,57.826960190928
2016-07-27,57.933885146735
2016-07-28,57.613110279312
2016-07-29,57.953326047791
2016-08-01,58.147735058351
2016-08-02,56.592462973875
2016-08-03,56.922958291826
2016-08-04,56.670226578098
2016-08-05,57.146528653969
2016-08-08,57.302055862417
2016-08-09,56.738269731794
2016-08-10,56.80631288549
2016-08-11,58.662918936333
2016-08-12,59.430834528044
2016-08-15,59.469716330155
2016-08-16,59.187823264844
2016-08-17,58.711521188973
2016-08-18,59.955738856554
2016-08-19,66.575365666106
2016-08-22,66.342074853434
2016-08-23,66.526763413466
2016-08-24,66.31291350185
2016-08-25,65.039534482686
2016-08-26,64.67987781315
2016-08-29,64.582673307871
2016-08-30,63.766155463521
2016-08-31,63.805037265633
2016-09-01,63.698112309825
2016-09-02,64.15497348464
2016-09-06,64.145253034112
2016-09-07,64.572952857343
2016-09-08,64.05776897936
2016-09-09,62.784389960195
2016-09-12,63.542585101377
2016-09-13,62.910755817059
2016-09-14,63.260692036066
2016-09-15,64.05776897936
2016-09-16,64.252177989919
2016-09-19,64.757641417374
2016-09-20,63.96056447408
2016-09-21,64.660436912094
2016-09-22,65.214502592189
2016-09-23,65.195061691133
2016-09-26,65.69080466806
2016-09-27,66.176827194459
2016-09-28,65.953256832315
2016-09-29,64.961770878462
2016-09-30,65.826890975452
2016-10-03,65.632481964892
2016-10-04,65.127018537437
2016-10-05,66.089343139707
2016-10-06,66.050461337595
2016-10-07,67.119710895672
2016-10-10,66.944742786169
2016-10-11,66.614247468218
2016-10-12,67.561991394695
2016-10-13,66.839820751447
2016-10-14,66.937411378913
2016-10-17,66.254276986651
2016-10-18,66.254276986651
2016-10-19,66.478735429823
2016-10-20,66.381144802357
2016-10-21,66.293313237638
2016-10-24,67.200906073071
2016-10-25,66.361626676864
2016-10-26,67.191147010325
2016-10-27,65.151502896286
2016-10-28,65.532106343403
2016-10-31,65.161261959032
2016-11-01,64.214632872612
2016-11-02,65.561383531643
2016-11-03,64.038969743173
2016-11-04,64.575718194236
2016-11-07,65.629696970869
2016-11-08,65.834637288547
2016-11-09,67.601027645682
2016-11-10,69.904166453879
2016-11-11,69.806575826413
2016-11-14,69.72850332444
2016-11-15,68.371993602663
2016-11-16,68.040185469278
2016-11-17,69.630912696974
2016-11-18,70.050552395078
2016-11-21,71.338748677628
2016-11-22,71.5632071208
2016-11-23,72.402486517008
2016-11-25,72.148750885596
2016-11-28,71.338748677628
2016-11-29,70.694650536353
2016-11-30,69.943202704865
2016-12-01,71.904774316931
2016-12-02,72.441522767994
2016-12-05,74.227431250621
2016-12-06,74.969120019363
2016-12-07,76.637919749031
2016-12-08,77.291776953053
2016-12-09,76.218280050927
2016-12-12,75.720567850851
2016-12-13,75.203337525281
2016-12-14,74.500685007526
2016-12-15,74.422612505553
2016-12-16,73.622369360332
2016-12-19,73.51501967012
2016-12-20,73.788273427024
2016-12-21,73.271043101455
2016-12-22,70.392119591209
2016-12-23,70.021275206838
2016-12-27,70.177420210783
2016-12-28,69.425972379295
2016-12-29,69.18199581063
2016-12-30,69.18199581063
2017-01-03,70.001757081345
2017-01-04,71.241158050163
2017-01-05,70.040793332331
2017-01-06,69.084405183164
2017-01-09,69.162477685137
2017-01-10,69.230791124363
2017-01-11,68.942898773339
2017-01-12,68.923304372664
2017-01-13,69.11924837941
2017-01-17,68.315877951754
2017-01-18,67.943584338938
2017-01-19,67.159808311956
2017-01-20,67.737843131855
2017-01-23,67.394941120051
2017-01-24,67.463521522412
2017-01-25,67.796626333879
2017-01-26,67.786829133541
2017-01-27,66.630759493744
2017-01-30,66.542584690709
2017-01-31,67.150011111619
2017-02-01,66.924675503862
2017-02-02,67.875003936577
2017-02-03,68.129731145346
2017-02-06,67.32636071769
2017-02-07,66.944269904537
2017-02-08,68.25709474973
2017-02-09,69.844241204367
2017-02-10,69.775660802006
2017-02-13,69.001681975362
2017-02-14,69.207423182445
2017-02-15,68.942898773339
2017-02-16,69.070262377723
2017-02-17,69.560122394587
2017-02-21,69.756066401332
2017-02-22,69.579716795261
2017-02-23,67.189199912968
2017-02-24,73.48879972983
2017-02-27,74.468519763557
2017-02-28,74.13541495209
2017-03-01,74.448925362882
2017-03-02,75.046554583455
2017-03-03,75.017162982444
2017-03-06,74.488114164231
2017-03-07,74.184400953776
2017-03-08,75.693169805715
2017-03-09,74.928988179408
2017-03-10,75.428645396609
2017-03-13,74.429330962208
2017-03-14,74.321561758498
2017-03-15,74.693855371314
2017-03-16,74.262778556474
2017-03-17,74.13541495209
2017-03-20,72.479688095092
2017-03-21,71.960436477217
2017-03-22,71.353010056306
2017-03-23,71.382401657318
2017-03-24,71.117877248212
2017-03-27,71.323618455294
2017-03-28,71.656723266761
2017-03-29,73.861093342646
2017-03-30,73.841498941972
2017-03-31,73.292855723085
2017-04-03,72.842184507571
2017-04-04,70.98071644349
2017-04-05,69.756066401332
2017-04-06,70.823961238094
2017-04-07,70.794569637082
2017-04-10,71.0884856472
2017-04-11,71.313821254957
2017-04-12,71.431890495445
2017-04-13,70.93009622337
2017-04-17,71.363016771827
2017-04-18,71.422051392071
2017-04-19,71.481086012316
2017-04-20,75.318336328187
2017-04-21,74.619759988631
2017-04-24,75.190427984324
2017-04-25,75.406888258553
2017-04-26,75.682383153026
2017-04-27,75.456083775423
2017-04-28,76.095625494735
2017-05-01,75.22978439782
2017-05-02,75.495440188919
2017-05-03,75.593831222659
2017-05-04,74.905093986477
2017-05-05,75.524957499041
2017-05-08,75.298658121439
2017-05-09,75.436405568675
2017-05-10,76.105464598109
2017-05-11,74.590242678509
2017-05-12,73.675206064724
2017-05-15,72.032075801261
2017-05-16,70.634923122149
2017-05-17,69.719886508365
2017-05-18,69.316483270029
2017-05-19,57.775215012294
2017-05-22,59.300276035269
2017-05-23,58.906711900307
2017-05-24,58.670573419331
2017-05-25,58.700090729453
2017-05-26,58.857516383437
2017-05-30,58.700090729453
2017-05-31,58.454113145102
2017-06-01,58.404917628232
2017-06-02,57.10615598286
2017-06-05,56.673235434403
2017-06-06,54.193781384148
2017-06-07,54.400402555002
2017-06-08,53.013088979264
2017-06-09,53.898608282927
2017-06-12,53.977321109919
2017-06-13,54.213459590896
2017-06-14,52.90485884215
2017-06-15,51.979983124991
2017-06-16,51.202693958443
2017-06-19,50.622186859376
2017-06-20,49.520207281484
2017-06-21,47.050592334603
2017-06-22,46.735741026634
2017-06-23,47.257213505458
2017-06-26,47.591743020175
2017-06-27,47.719651364037
2017-06-28,47.926272534892
2017-06-29,47.916433431518
2017-06-30,48.487101427211
2017-07-03,49.825219486079
2017-07-05,49.490689971362
2017-07-06,49.274229697134
2017-07-07,49.175838663393
2017-07-10,47.621260330297
2017-07-11,47.542547503305
2017-07-12,47.768846880907
2017-07-13,48.095623818526
2017-07-14,47.947088846881
2017-07-17,48.471912413359
2017-07-18,48.105526149968
2017-07-19,48.065916824197
2017-07-20,47.51138626339
2017-07-21,46.748906742281
2017-07-24,44.610003150599
2017-07-25,45.303166351607
2017-07-26,45.649747952111
2017-07-27,46.788516068053
2017-07-28,45.570529300567
2017-07-31,46.729102079395
2017-08-01,46.41222747322
2017-08-02,47.184609325772
2017-08-03,48.07581915564
2017-08-04,48.521424070573
2017-08-07,48.362986767486
2017-08-08,49.551266540643
2017-08-09,49.313610586011
2017-08-10,48.61054505356
2017-08-11,48.818494013863
2017-08-14,48.838298676749
2017-08-15,46.669688090737
2017-08-16,48.095623818526
2017-08-17,47.234120982987
2017-08-18,34.044215500945
2017-08-21,31.509218651544
2017-08-22,32.855935727788
2017-08-23,34.905718336484
2017-08-24,34.430406427221
2017-08-25,35.529565217391
2017-08-28,35.351323251418
2017-08-29,34.816597353497
2017-08-30,34.895816005041
2017-08-31,34.885913673598
2017-09-01,35.985072463768
2017-09-05,35.975170132325
2017-09-06,36.341556395715
2017-09-07,35.806830497795
2017-09-08,35.381030245747
2017-09-11,34.648257718967
2017-09-12,35.351323251418
2017-09-13,35.747416509137
2017-09-14,36.262337744171
2017-09-15,36.569310018904
2017-09-18,35.905853812224
2017-09-19,34.707671707624
2017-09-20,34.232359798362
2017-09-21,33.370856962823
2017-09-22,33.271833648393
2017-09-25,34.321480781348
2017-09-26,34.776988027725
2017-09-27,34.72747637051
2017-09-28,34.519527410208
2017-09-29,34.876011342155
2017-10-02,34.410601764335
2017-10-03,34.044215500945
2017-10-04,33.519391934468
2017-10-05,34.044215500945
2017-10-06,34.073922495274
2017-10-09,33.063884688091
2017-10-10,33.271833648393
2017-10-11,32.608377441714
2017-10-12,31.43
2017-10-13,31.65
2017-10-16,30.95
2017-10-17,31.02
2017-10-18,31.18
2017-10-19,30.99
2017-10-20,31.28
2017-10-23,31.62
2017-10-24,31.13
2017-10-25,31.29
2017-10-26,33.07
2017-10-27,31.55
2017-10-30,30.58
2017-10-31,30.08
2017-11-01,29.91
2017-11-02,30.01
2017-11-03,29.85
2017-11-06,29.65
2017-11-07,29.24
2017-11-09,30.61
2017-11-10,30.34
2017-11-13,29.64
2017-11-14,30.0
2017-11-15,31.2
2017-11-16,31.85
2017-11-17,40.82
2017-11-20,40.69
2017-11-21,40.69
2017-11-22,40.54
2017-11-24,40.1
2017-11-27,39.4
2017-11-28,40.45
2017-11-29,42.59
2017-11-30,42.84
2017-12-01,43.31
